Abelsonite,True,
Abenakiite-(Ce),True,
Abernathyite,True,
Abhurite,True,True,
Abramovite,True,
Abswurmbachite,True,
Acanthite,True,
Achavalite,True,
Actinolite,True,
Acuminite,True,
Adamite,True,
Adamsite-(Y),True,
Adelite,True,
Admontite,True,
Aegirine,True,
Aenigmatite,True,
Aerinite,True,
Aerugite,True,
Aeschynite-(Ce),True,
Aeschynite-(Nd),True,
Aeschynite-(Y),True,
Afghanite,True,
Afwillite,True,
Agardite,True,
Agrellite,True,
Agrinierite,True,
Aguilarite,True,
Aheylite,True,
Ahlfeldite,True,
Aikinite,True,
Ajoite,True,
Akaganéite,True,
Akatoreite,True,
Akdalaite,True,
Åkermanite,True,
Akhtenskite,True,
Akimotoite,True,
Akrochordite,True,
Aksaite,True,
Aktashite,True,
Alabandite,True,
Alacránite,True,
Alamosite,True,
Alarsite,True,
Albite,True,
Albrechtschraufite,True,
Aldermanite,True,
Aleksite,True,
Alforsite,True,
Algodonite,True,
Aliettite,True,
Allabogdanite,True,
Allactite,True,
Allanite,True,
Allanpringite,True,
Allargentum,True,
Alleghanyite,True,
Alloclasite,True,
Allophane,True,
Alluaivite,True,
Alluaudite,True,
Almandine,True,
Almarudite,True,
Alsakharovite-Zn,True,
Alstonite,True,
Altaite,True,
Althausite,True,
Althupite,True,
Altisite,True,
Alum-(K),True,
Aluminite,True,
Aluminium,True,
Alunite,True,
Alunogen,True,
Amakinite,True,
Amarantite,True,
Amblygonite,True,
Ameghinite,True,
Amesite,True,
Amicite,True,
Amphibole (mineral group),True,
Analcime (analcite),True,
Anandite,True,
Anapaite,True,
Anatase,True,
Ancylite (mineral group),True,
Andalusite,True,
Andersonite,True,
Andesine,True,
Andorite (IV/VI),True,
Andradite,True,
Andyrobertsite,True,
Anglesite,True,
Anhydrite,True,
Ankerite,True,
Annabergite,True,
Annite,True,
Anorthite,True,
Anorthoclase,True,
Antarcticite,True,
Anthonyite,True,
Anthophyllite,True,
Antigorite,True,
Antimony,True,
Antitaenite,True,
Antlerite,True,
Apachite,True,
Apatite (mineral group),True,
Aphthitalite,True,
Apophyllite,True,
Aragonite,True,
Arcanite,True,
Archerite,True,
Arctite,True,
Arcubisite,True,
Ardaite,True,
Arfvedsonite,True,
Argentite,True,
Argutite,True,
Argyrodite,True,
Armalcolite,True,
Arsenic,True,
Arseniosiderite,True,
Arsenoclasite,True,
Arsenolite,True,
Arsenopyrite,True,
Arthurite,True,
Artinite,True,
Artroeite,True,
Ashburtonite,True,
Ashoverite,True,
Asisite,True,
Astrophyllite,True,
Atacamite,True,
Athabascaite,True,
Atheneite,True,
Aubertite,True,
Augelite,True,
Augite,True,
Aurichalcite,True,
Auricupride,True,
Aurostibite,True,
Austinite,True,
Autunite,True,
Avicennite,True,
Avogadrite,True,
Awaruite,True,
Axinite (mineral group),True,
Azurite,True,
Adamantine spar,False,(variety of corundum)
Agate,False,(variety of quartz)
Alabaster,False,(variety of gypsum)
Alexandrite,False,(variety of chrysoberyl)
Allingite,False,(synonym of amber)
Alum,False,()
Amazonite,False,(variety of microcline)
Amber,False,(fossilized resin)
Amethyst,False,(purple variety of quartz)
Ammolite,False,(organic; also a [[gemstone)
Amosite,False,(asbestiform grunerite)
Antozonite,False,(variety of fluorite)
Anyolite,False,(metamorphic rock - zoisite,ruby,and hornblende)
Aquamarine,False,(light blue variety of beryl)
Argentite,False,(high temperature form of acanthite)
Asbestos,False,(fibrous serpentine- or amphibole minerals)
Auerlite,False,(variety of thorite)
Avalite,False,(chromian variety of illite)
Aventurine,False,(variety of quartz)
Babefphite,True,
Babingtonite,True,
Baddeleyite,True,
Bakerite,True,
Balangeroite,True,
Banalsite,True,
Baotite,True,
Bararite,True,
Barrerite,True,
Barstowite,True,
Baryte (barite),True,
Barytocalcite,True,
Bassanite,True,
Bastnäsite (mineral group),True,
Baumhauerite,True,
Bayldonite,True,
Bayleyite,True,
Bazzite,True,
Becquerelite,True,
Benitoite,True,
Benstonite,True,
Bentorite,True,
Beraunite,True,
Berborite,True,
Bergenite,True,
Berlinite,True,
Berryite,True,
Berthierite,True,
Bertrandite,True, 
Beryl,True,
Beryllonite,True,
Beudantite,True,
Bicchulite,True,
Biehlite,True,
Bílinite,True,
Billietite,True,
Billwiseite,True,
Biotite,True,
Birnessite,True,
Bischofite,True,
Bismite,True,
Bismuth,True,
Bismuthinite,True,
Bismutite,True,
Bityite,True,
Bixbyite,True,
Blödite,True,
Blossite,True,
Bobfergusonite,True,
Boehmite,True,
Boleite,True,
Boltwoodite,True,
Bonaccordite,True,
Boracite,True,
Borax,True,
Bornite,True,
Botallackite,True,
Botryogen,True,
Boulangerite,True,
Bournonite,True,
Boussingaultite,True,
Bowieite,True,
Braggite,True,
Brassite,True,
Braunite,True,
Brazilianite,True,
Breithauptite,True,
Brewsterite (series of zeolites),True,
Brezinaite,True,
Brianite,True,
Brianyoungite,True,
Briartite,True,
Bridgmanite,True,
Brochantite,True,
Brockite,True,
Bromargyrite,True,
Bromellite,True,
Bronzite,True,
Brookite,True,
Brownleeite,True,
Brownmillerite,True,
Brucite,True,
Brushite,True,
Buddingtonite,True,
Bukovite,True,
Bukovskyite,True,
Bultfonteinite,True,
Bunsenite,True,
Bustamite,True,
Bystrite,True,
Barbertonite,False,(polytype of stichtite)
Bauxite,False,(aluminium ore)
Beckerite,False,(natural resin)
Bentonite,False,(mixture of montmorillonite and other clays)
Bixbite,False,(red gem variety of beryl)
Bowenite,False,(variety of antigorite)
Brammallite,False,(variety of illite)
Brokenhillite,False,()
Buergerite,False,(renamed to fluor-buergerite)
Bursaite,False,()
Bytownite,False,(variety of anorthite)
Cabalzarite,True,
Cabriite,True,
Cacoxenite,True,
Cadmium,True,
Cadmoindite,True,
Cadmoselite,True,
Cadwaladerite,True,
Cafarsite,True,
Cafetite,True,
Cahnite,True,
Calaverite,True,
Calciborite,True,
Calcite,True,
Calderite,True,
Caledonite,True,
Calumetite,True,
Campigliaite,True,
Canavesite,True,
Cancrinite,True,
Canfieldite,True,
Carletonite,True,
Carlosruizite,True,
Carlsbergite,True,
Carminite,True,
Carnallite,True,
Carnotite,True,
Carobbiite,True,
Carpathite,True,
Carpholite,True,
Carrollite,True,
Caryopilite,True,
Cassiterite,True,
Cattierite,True,
Cavansite,True,
Celadonite,True,
Celestine,True,
Celsian,True,
Cerite,True,
Cerium,True,
Cerussite,True,
Cervandonite-(Ce),True,
Cervantite,True,
Cesanite,True,
Cesbronite,True,
Chabazite (series of zeolites),True,
Chaidamuite,True,
Chalcanthite,True,
Chalcocite,True,
Chalcophyllite,True,
Chalcopyrite,True,
Challacolloite,True,
Chambersite,True,
Chamosite,True,
Changbaiite,True,
Chaoite,True,
Chapmanite,True,
Charlesite,True,
Charoite,True,
Chatkalite,True,
Chesterite,True,
Chibaite,True,
Childrenite,True,
Chlorargyrite,True,
Chlorite (mineral group),True,
Chloritoid,True,
Chlormayenite,True,
Chlorocalcite,True,
Chloroxiphite,True,
Chondrodite,True,
Chrisstanleyite,True,
Christite,True,
Chromite,True,
Chromium,True,
Chrysoberyl,True,
Chrysocolla,True,
Chrysotile,True,
Chvaleticeite,True,
Cinnabar,True,
Clarkeite,True,
Claudetite,True,
Clausthalite,True,
Clearcreekite,True,
Cleusonite,True,
Clinoclase,True,
Clinohedrite,True,
Clinohumite,True,
Clinoptilolite,True,
Clinozoisite,True,
Clintonite,True,
Cobaltite,True,
Coccinite,True,
Coconinoite,True,
Coesite,True,
Coffinite,True,
Cohenite,True,
Colemanite,True,
Colimaite,True,
Collinsite,True,
Coloradoite,True,
Columbite (mineral group),True,
Combeite,True,
Conichalcite,True,
Connellite,True,
Cooperite,True,
Copiapite,True,
Copper,True,
Corderoite,True,
Cordierite,True,
Corkite,True,
Cornubite,True,
Cornwallite,True,
Corundum,True,
Cotunnite,True,
Covellite,True,
Coyoteite,True,
Creedite,True,
Cristobalite,True,
Crocoite,True,
Cronstedtite,True,
Crookesite,True,
Crossite,True,
Cryolite,True,
Cryptomelane,True,
Cubanite,True,
Cummingtonite,True,
Cupalite,True,
Cuprite,True,
Cuprosklodowskite,True,
Cuprospinel,True,
Curite,True,
Cuspidine,True,
Cyanotrichite,True,
Cylindrite,True,
Cymrite,True,
Cyrilovite,True,
Campylite,False,(variety of mimetite)
Carnelian,False,(variety of quartz)
Cementite,False,(synthetic cohenite)
Ceylonite,False,(variety of spinel)
Chalcedony,False,(cryptocrystalline variety of quartz)
Chiastolite,False,(variety of andalusite)
Chlorastrolite (variety of pumpellyite-(Mg)),False,True,
Chrysoprase,False,(green nickel bearing chalcedony)
Chrysotile,False,(group name - asbestiform serpentine)
Citrine,False,(yellow variety of quartz)
Cleveite,False,(variety of uraninite)
Clinochrysotile,False,(polytype of chrysotile)
Coltan,False,(short for minerals of the columbite group)
Crocidolite,False,(asbestiform riebeckite)
Cymophane,False,(variety of chrysoberyl)
Danalite,True,
Danburite,True,
Datolite,True,
Daubréeite,True,
Daubréelite,True,
Davidite,True,
Dawsonite,True,
Delafossite,True,
Delvauxite,True,
Demesmaekerite,True,
Derriksite,True,
Descloizite,True,
Devilline,True,
Diaboleite,True,
Diadochite,True,
Diamond,True,
Diaspore,True,
Dickite,True,
Digenite,True,
Dimorphite,True,
Diopside,True,
Dioptase,True,
Djerfisherite,True,
Djurleite,True,
Dmitryivanovite,True,
Dollaseite-(Ce),True,
Dolomite,True,
Domeykite,True,
Donnayite-(Y),True,
Drysdallite,True,
Duftite,True,
Dumortierite,True,
Dundasite,True,
Dypingite,True,
Dyscrasite,True,
Dzhalindite,True,
Delessite,False,(magnesian chamosite)
Edenite,True,
Edingtonite,True,
Efremovite,True,
Ekanite,True,
Elbaite,True,
Emmonsite,True,
Empressite,True,
Enargite,True,
Enstatite,True,
Eosphorite,True,
Ephesite,True,
Epidote,True,
Epsomite,True,
Ericssonite,True,
Erionite (series of zeolites),True,
Erythrite,True,
Eskolaite,True,
Esperite,True,
Ettringite,True,
Euchroite,True,
Euclase,True,
Eucryptite,True,
Eudialyte,True,
Eudialyte group,True,
Euxenite-(Y),True,
Eveite,True,
Evenkite,True,
Eveslogite,True,
Elsmoreite,False,(pure hydrokenoelsmoreite)
Emerald,False,(green gem variety of beryl)
Fabianite,True,
Farneseite,True,
Faujasite (subgroup of zeolites),True,
Faustite,True,
Fayalite (olivine group),True,
Feldspar (mineral group),True,
Feldspathoid (mineral group),True,
Felsőbányaite,True,
Ferberite,True,
Fergusonite (mineral group),True,
Feroxyhyte,True,
Ferrierite (subgroup of zeolite minerals),True,
Ferrihydrite,True,
Ferrimolybdite,True,
Ferro-actinolite,True,
Ferrogedrite,True,
Ferrohortonolite (olivine group),True,
Ferronigerite-2N1S,True,
Ferropericlase,True,
Ferroselite,True,
Fettelite,True,
Fichtelite,True,
Fletcherite,True,
Fluckite,True,
Fluellite,True,
Fluoborite,True,
Fluocerite,True,
Fluor-buergerite,True,
Fluor-liddicoatite,True,
Fluor-uvite,True,
Fluorapatite (apatite group),True,
Fluorapophyllite-(K),True,
Fluorcaphite,True,
Fluorellestadite,True,
Fluorite,True,
Fluororichterite (amphibole group),True,
Fornacite,True,
Forsterite (olivine group),True,
Fougèrite (layered double hydroxide),True,
Fourmarierite,True,
Fraipontite,True,
Francevillite,True,
Franckeite,True,
Frankamenite,True,
Frankdicksonite,True,
Frankhawthorneite,True,
Franklinite (spinel group),True,
Franklinphilite,True,
Freibergite,True,
Freieslebenite,True,
Fukuchilite,True,
Fassaite,False,(variety of augite)
Ferrocolumbite,False,(synonym of columbite-(Fe))
Ferrotantalite,False,(synonym of tantalite-(Fe))
Fluorspar,False,(synonym of fluorite)
Francolite,False,(variety of fluorapatite)
Gabrielite,True,
Gadolinite (mineral group),True,
Gagarinite-(Ce),True,
Gahnite,True,
Galaxite,True,
Galena,True,
Galkhaite,True,
Gananite,True,
Garnet (mineral group),True,
Gaspeite,True,
Gatehouseite,True,
Gaylussite,True,
Gedrite,True,
Geerite,True,
Gehlenite,True,
Geigerite,True,
Geikielite,True,
Geocronite,True,
Georgerobinsonite,True,
Germanite,True,
Gersdorffite,True,
Getchellite,True,
Gibbsite,True,
Gilalite,True,
Gismondine,True,
Glauberite,True,
Glaucochroite,True,
Glaucodot,True,
Glauconite,True,
Glaucophane,True,
Gmelinite,True,
Godovikovite,True,
Goethite,True,
Gold,True,
Goldmanite,True,
Gonnardite,True,
Gordaite,True,
Gormanite,True,
Goslarite,True,
Graftonite,True,
Grandidierite,True,
Grandreefite,True,
Graphite,True,
Gratonite,True,
Greenalite,True,
Greenockite,True,
Gregoryite,True,
Greifensteinite,True,
Greigite,True,
Grossite,True,
Grossular,True,
Groutite,True,
Grunerite,True,
Guettardite,True,
Gugiaite,True,
Guilleminite,True,
Gunningite,True,
Guyanaite,True,
Gwihabaite,True,
Gypsum,True,
Garnierite,False,(a nickel ore)
Gedanite,False,(fossilized resin)
Glessite,False,(natural resin)
Hafnon,True,
Hagendorfite,True,
Haggertyite,True,
Haidingerite,True,
Haiweeite,True,
Håleniusite-(La),True,
Halite,True,
Halloysite,True,
Halotrichite,True,
Hambergite,True,
Hanksite,True,
Hapkeite,True,
Hardystonite,True,
Harmotome,True,
Hauerite,True,
Hausmannite,True,
Hauyne,True,
Hawleyite,True,
Haxonite,True,
Hazenite,True,
Heazlewoodite,True,
Hectorite,True,
Hedenbergite,True,
Hellyerite,True,
Hematite,True,
Hemihedrite,True,
Hemimorphite,True,
Hemusite,True,
Herbertsmithite,True,
Hercynite,True,
Herderite,True,
Hessite,True,
Heulandite (series of zeolites),True,
Hexaferrum,True,
Hiärneite,True,
Hibonite,True,
Hidalgoite,True,
Hilgardite,True,
Hisingerite,True,
Hodgkinsonite,True,
Hoelite,True,
Hollandite,True,
Holmquistite,True,
Homilite,True,
Hopeite,True,
Hornblende (series of amphiboles),True,
Howlite,True,
Hsianghualite,True,
Hubeite,True,
Hübnerite,True,
Huemulite,True,
Humite,True,
Huntite,True,
Hureaulite,True,
Hutchinsonite,True,
Huttonite,True,
Hydroboracite,True,
Hydrogrossular (series of garnets),True,
Hydrohalite,True,
Hydrokenoelsmoreite,True,
Hydromagnesite,True,
Hydrotalcite,True,
Hydroxylapatite,True,
Hydrozincite,True,
Hatchettite,False,(a paraffin wax)
Heliodor,False,(greenish-yellow variety of beryl)
Heliotrope,False,(variety of chalcedony)
Hessonite,False,(variety of grossular)
Hiddenite,False,(variety of spodumene)
Hyalite,False,(variety of opal)
Hyalophane,False,()
Hypersthene,False,(synonym of enstatite or ferrosilite,or mid-way member of the enstatite–ferrosilite series)
Ianbruceite,True,
Icosahedrite,True,
Idrialite,True,
Ikaite,True,
Illite,True,
Ilmenite,True,
Ilvaite,True,
Imogolite,True,
Indite,True,
Indium,True,
Inyoite,True,
Iodargyrite,True,
Iranite,True,
Iridium,True,
Iron,True,
Ixiolite,True,
Idocrase,False,(synonym of vesuvianite)
Iolite,False,(a gem-quality variety of cordierite)
Jacobsite,True,
Jadarite,True,
Jadeite,True,
Jaffeite,True,
Jalpaite,True,
Jamesonite,True,
Janggunite,True,
Jarosewichite,True,
Jarosite,True,
Jennite,True,
Jeremejevite,True,
Jerrygibbsite,True,
Jimthompsonite,True,
Johannite,True,
Jolliffeite,True,
Jonesite,True,
Jordanite,True,
Julgoldite,True,
Junitoite,True,
Jurbanite,True,
Jade,False,(tough,green mineral either jadeite or nephrite amphibole)
Jasper,False,(variety of quartz)
Jeffersonite,False,(variety of augite)
Jet (lignite),False,(fossilised wood)
Kaatialaite,True,
Kadyrelite,True,
Kaersutite,True,
Kainite,True,
Kainosite-(Y),True,
Kalininite,True,
Kalinite,True,
Kalsilite,True,
Kamacite,True,
Kambaldaite,True,
Kamiokite,True,
Kampfite,True,
Kaňkite,True,
Kanoite,True,
Kaolinite,True,
Karlite,True,
Kassite,True,
Kegelite,True,
Keilite,True,
Kermesite,True,
Kernite,True,
Kesterite,True,
Keyite,True,
Khatyrkite,True,
Kieserite,True,
Kinoite,True,
Kleinite,True,
Knebelite,True,
Knorringite,True,
Kobellite,True,
Kochite,True,
Kogarkoite,True,
Kolbeckite,True,
Kornerupine,True,
Kosmochlor,True,
Kostovite,True,
Köttigite,True,
Kovdorskite,True,
Kratochvílite,True,
Kremersite,True,
Krennerite,True,
Krieselite,True,
Kröhnkite,True,
Krotite,True,
Krut'aite,True,
Krutovite,True,
Kukharenkoite-(Ce),True,
Kuratite,True,
Kurnakovite,True,
Kutnohorite,True,
Kyanite,True,
Keilhauite,False,(variety of titanite)
Kerolite,False,(variety of talc)
Krantzite,False,(natural resin)
Kunzite,False,(variety of spodumene)
Labradorite,True,
Lanarkite,True,
Langbeinite,True,
Langite,True,
Lansfordite,True,
Lanthanite (group of rare earth carbonates),True,
Laplandite-(Ce),True,
Larnite,True,
Laumontite,True,
Laurionite,True,
Laurite,True,
Lautite,True,
Lavendulan,True,
Lawsonite,True,
Lazulite,True,
Lazurite,True,
Lead,True,
Leadhillite,True,
Legrandite,True,
Leifite,True,
Leightonite,True,
Lepidocrocite,True,
Lepidolite,True,
Letovicite,True,
Leucite,True,
Leucophanite,True,
Leucophoenicite,True,
Lévyne (series of zeolites),True,
Libethenite,True,
Liebigite,True,
Linarite,True,
Lindgrenite,True,
Linnaeite,True,
Lipscombite,True,
Liroconite,True,
Litharge,True,
Lithiophilite,True,
Livingstonite,True,
Lizardite,True,
Loellingite,True,
Lonsdaleite,True,
Loparite-(Ce),True,
Lópezite,True,
Lorándite,True,
Lorenzenite,True,
Loveringite,True,
Ludlamite,True,
Ludwigite,True,
Lulzacite,True,
Lyonsite,True,
Larimar,False,(blue variety of [[pectolite)
Lechatelierite,False,(fused quartz glass)
Lignite,False,(a type of coal)
Limonite,False,(a mineraloid)
Lodestone,False,(a synonym of magnetite)
Lublinite,False,(variety of calcite)
Macaulayite,True,
Macdonaldite,True,
Mackinawite,True,
Madocite,True,
Magadiite,True,
Maghemite,True,
Magnesioferrite,True,
Magnesiohastingsite,True,
Magnesiopascoite,True,
Magnesite,True,
Magnetite,True,
Majorite,True,
Malachite,True,
Malayaite,True,
Manganite,True,
Manganosite,True,
Manganvesuvianite,True,
Marcasite,True,
Margaritasite,True,
Margarite,True,
Marialite,True,
Maricite,True,
Marrite,True,
Marthozite,True,
Mascagnite,True,
Massicot,True,
Masuyite,True,
Mathesiusite,True,
Matlockite,True,
Maucherite,True,
Mawsonite,True,
Mckelveyite-(Y),True,
Meionite,True,
Melanophlogite,True,
Melanterite,True,
Melilite,True,
Mellite,True,
Melonite,True,
Mendipite,True,
Mendozite,True,
Meneghinite,True,
Mercury,True,
Mereheadite,True,
Merenskyite,True,
Meridianiite,True,
Merrillite,True,
Mesolite,True,
Messelite,True,
Metacinnabar,True,
Metatorbernite,True,
Metazeunerite,True,
Meyerhofferite,True,
Miargyrite,True,
Mica (a group of silicate minerals),True,
Microcline,True,
Microlite,True,
Millerite,True,
Millosevichite,True,
Mimetite,True,
Minium,True,
Minnesotaite,True,
Minyulite,True,
Mirabilite,True,
Mixite,True,
Moganite,True,
Mohite,True,
Mohrite,True,
Moissanite,True,
Molybdenite,True,
Molybdite,True,
Monazite,True,
Monohydrocalcite,True,
Monticellite,True,
Montmorillonite (clay mineral),True,
Mooihoekite,True,
Moolooite,True,
Mordenite,True,
Moschellandsbergite,True,
Mosesite,True,
Mottramite,True,
Motukoreaite,True,
Mullite,True,
Mundite,True,
Murdochite,True,
Muscovite,True,
Musgravite,True,
Magnesia (mineral),False,()
Magnesiocummingtonite,False,(magnesium-rich variety of cummingtonite)
Malacolite,False,(synonym of diopside)
Manganocolumbite,False,(synonym of columbite-(Mn))
Manganotantalite,False,(synonym of tantalite-(Mn))
Mariposite,False,(variety of phengite/muscovite)
Meerschaum,False, (variety of sepiolite)
Melanite,False,(variety of andradite)
Menilite,False,(variety of opal)
Milky quartz,False,(a cloudy white quartz)
Morganite,False,(a pink beryl)
Nabalamprophyllite,True,
Nabesite,True,
Nacrite,True,
Nadorite,True,
Nagyágite,True,
Nahcolite,True,
Naldrettite,True,
Nambulite,True,
Narsarsukite,True,
Native copper,True,
Natrolite,True,
Natron,True,
Natrophilite,True,
Nekrasovite,True,
Nelenite,True,
Nenadkevichite,True,
Nepheline,True,
Népouite,True,
Neptunite,True,
Nichromite,True,
Nickel,True,
Nickeline,True,
Niedermayrite,True,
Niningerite,True,
Nissonite,True,
Niter,True,
Nitratine,True,
Nobleite,True,
Nontronite,True,
Norbergite,True,
Normandite,True,
Northupite,True,
Nosean,True,
Nsutite,True,
Nyerereite,True,
Nephrite,False,(variety of actinolite)
Niobite,False,(synonym of columbite)
Niobite-tantalite,False,(synonym of columbite-tantalite)
Okenite,True,
Oldhamite,True,
Olgite,True,
Olivenite,True,
Olivine (a group of silicate minerals),True,
Omphacite,True,
Oneillite,True,
Oosterboschite,True,
Oppenheimerite,True,
Ordóñezite,True,
Oregonite,True,
Orpiment,True,
Orthoclase,True,
Osarizawaite,True,
Osmium,True,
Osumilite,True,
Otavite,True,
Ottrelite,True,
Otwayite,True,
Obsidian,False,(a mineraloid)
Oligoclase,False,(a mixture of albite and anorthite)
Onyx,False,(a monochromatic banded variety of chalcedony)
Opal,False,(a mineraloid)
Orthochrysotile,False,(a polytype of chrysotile)
Pääkkönenite,True,
Pabstite,True,
Painite,True,
Palladium,True,
Palygorskite,True,
Panethite,True,
Panguite,True,
Papagoite,True,
Paragonite,True,
Paralaurionite,True,
Paramelaconite,True,
Pararealgar,True,
Pargasite,True,
Parisite-(Ce),True,
Parsonsite,True,
Parthéite,True,
Pascoite,True,
Patrónite,True,
Paulingite (series of zeolites),True,
Paulscherrerite,True,
Pearceite,True,
Pecoraite,True,
Pectolite,True,
Penikisite,True,
Penroseite,True,
Pentagonite,True,
Pentlandite,True,
Perhamite,True,
Periclase,True,
Perite,True,
Perovskite,True,
Petalite,True,
Petzite,True,
Pezzottaite,True,
Pharmacolite,True,
Pharmacosiderite,True,
Phenakite,True,
Phillipsite (series of zeolites),True,
Phlogopite,True,
Phoenicochroite,True,
Phosgenite,True,
Phosphophyllite,True,
Phosphuranylite,True,
Pickeringite,True,
Picropharmacolite,True,
Piemontite,True,
Pigeonite,True,
Pinalite,True,
Pinnoite,True,
Piypite,True,
Plagioclase Na-Ca feldspar series,True,
Plancheite,True,
Platinum,True,
Plattnerite,True,
Playfairite,True,
Plumbogummite,True,
Polarite,True,
Pollucite,True,
Polybasite,True,
Polycrase,True,
Polydymite,True,
Polyhalite,True,
Portlandite,True,
Posnjakite,True,
Poudretteite,True,
Povondraite,True,
Powellite,True,
Prehnite,True,
Proustite,True,
Pseudobrookite,True,
Pseudomalachite,True,
Pseudowollastonite,True,
Pumpellyite (group of sorosilicates),True,
Purpurite,True,
Putnisite,True,
Pyrargyrite,True,
Pyrite,True,
Pyrochlore (mineral group),True,
Pyrolusite,True,
Pyromorphite,True,
Pyrope,True,
Pyrophanite,True,
Pyrophyllite,True,
Pyroxene (group of silicate minerals),True,
Pyroxferroite,True,
Pyroxmangite,True,
Pyrrhotite,True,
Palagonite,False,(basaltic volcanic glass)
Parachrysotile,False,(a polytype of chrysotile)
Pelagosite,False,(variety of aragonite)
Pericline,False,(variety of albite)
Peridot,False,(gem-quality olivine)
Perlite,False,(volcanic glass)
Phengite,False,(variety of muscovite)
Phosphorite,False,(name given to impure,massive apatite.)
Pimelite,False,("discredited mineral species")
Pitchblende,False,(a massive impure form of uraninite)
Plessite,False,(mixture of kamacite and taenite)
Potassium alum or potash alum,False,"(as a mineral, is called alum-(K))"
Psilomelane,False,(refers collectively to hard black manganese oxides)
Pumicite,False,(synonym of pumice)
Qingsongite,True,
Quartz,True,
Quenstedtite,True,
Quetzalcoatlite,True,
Quintinite,True,
Qusongite,True,
Rakovanite,True,
Rambergite,True,
Rameauite,True,
Rammelsbergite,True,
Rapidcreekite,True,
Raslakite,True,
Raspite,True,
Rastsvetaevite,True,
Realgar,True,
Reederite-(Y),True,
Reidite,True,
Reinerite,True,
Renierite,True,
Rheniite,True,
Rhodium,True,
Rhodochrosite,True,
Rhodonite,True,
Rhodplumsite,True,
Rhomboclase,True,
Richterite,True,
Rickardite,True,
Riebeckite,True,
Ringwoodite,True,
Roaldite,True,
Robertsite,True,
Rodalquilarite,True,
Romanèchite,True,
Romeite,True,
Rosasite,True,
Roscoelite,True,
Roselite,True,
Rosenbergite,True,
Rosickýite,True,
Routhierite,True,
Rozenite,True,
Rubicline,True,
Ruizite,True,
Russellite,True,
Ruthenium,True,
Rutherfordine,True,
Rutile,True,
Rynersonite,True,
Rashleighite,False,(variety of turquoise)
Rhodolite,False,(variety of pyrope)
Rock crystal,False,(quartz)
Rose quartz,False,(pink variety of quartz)
Roumanite,False,(amber)
Ruby,False,(red gem corundum)
Sabatierite,True,
Sabieite,True,
Sabinaite,True,
Sacrofanite,True,
Safflorite,True,
Sal ammoniac,True,
Saleeite,True,
Saliotite,True,
Salzburgite,True,
Samarskite-(Y),True,
Sampleite,True,
Samsonite,True,
Samuelsonite,True,
Sanbornite,True,
Saneroite,True,
Sanidine (orthoclase variety),True,
Santabarbaraite,True,
Santite,True,
Saponite (clay mineral),True,
Sapphirine,True,
Sarabauite,True,
Sarkinite,True,
Sassolite,True,
Satterlyite,True,
Sauconite,True,
Sborgite,True,
Scapolite (a group of silicate minerals),True,
Schäferite,True,
Scheelite,True,
Schmiederite,True,
Schoepite,True,
Schorl (black tourmaline),True,
Schreibersite,True,
Schreyerite,True,
Schröckingerite,True,
Schwertmannite,True,
Scolecite,True,
Scorodite,True,
Scorzalite,True,
Scrutinyite,True,
Seamanite,True,
Searlesite,True,
Seeligerite,True,
Segelerite,True,
Seifertite,True,
Sekaninaite,True,
Selenium,True,
Seligmannite,True,
Sellaite,True,
Semseyite,True,
Senarmontite,True,
Sepiolite,True,
Sérandite,True,
Serendibite,True,
Serpentine group,True,
Serpierite,True,
Sewardite,True,
Shandite,True,
Shattuckite,True,
Shigaite,True,
Shortite,True,
Siderite,True,
Siderophyllite,True,
Siderotil,True,
Siegenite,True,
Silicate perovskite,True,
Silicon,True,
Sillimanite,True,
Silver,True,
Simonellite,True,
Simpsonite,True,
Sincosite,True,
Sinkankasite,True,
Sinoite,True,
Skaergaardite,True,
Sklodowskite,True,
Skutterudite,True,
Smaltite,True,
Smectite (a group of clay minerals),True,
Smithsonite,True,
Sodalite,True,
Soddyite,True,
Sonolite,True,
Sperrylite,True,
Spertiniite,True,
Spessartine,True,
Sphalerite,True,
Spherocobaltite,True,
Spinel,True,
Spodumene,True,
Spurrite,True,
Stannite,True,
Stannoidite,True,
Staurolite,True,
Steacyite,True,
Stellerite,True,
Stephanite,True,
Stercorite,True,
Stibarsen,True,
Stibiconite,True,
Stibiopalladinite,True,
Stibnite,True,
Stichtite,True,
Stilbite (series of zeolites),True,
Stilleite,True,
Stillwaterite,True,
Stillwellite-(Ce),True,
Stilpnomelane,True,
Stishovite,True,
Stolzite,True,
Strashimirite,True,
Strengite,True,
Stromeyerite,True,
Strontianite,True,
Struvite,True,
Studenitsite,True,
Studtite,True,
Sturmanite,True,
Stützite,True,
Suanite,True,
Suessite,True,
Sugilite,True,
Sulfur,True,
Sursassite,True,
Susannite,True,
Sussexite,True,
Svanbergite,True,
Sweetite,True,
Switzerite,True,
Sylvanite,True,
Sylvite,True,
Synchysite-(Ce),True,
Syngenite,True,
Sapphire,False,(gem corundum of any color except red,especially blue varieties)
Sard,False,(a variety of chalcedony/quartz)
Satinspar,False,(a variety of gypsum)
Selenite,False,(a variety of gypsum)
Shungite,False,(a lustrous black mineraloid)
Simetite,False,(a variety of amber)
Smoky quartz,False,(a brown or black variety of quartz)
Soda niter,False,(synonym of nitratine)
Spectrolite,False,(a variety of labradorite)
Spessartite,False,(synonym of spessartine)
Sphene,False,(synonym of titanite)
Stantienite,False,(a variety of amber)
Sunstone,False,(a variety of either oligoclase or orthoclase)
Taaffeite,True,
Tachyhydrite,True,
Taenite,True,
Talc,True,
Talmessite,True,
Talnakhite,True,
Tamarugite,True,
Tangeite,True,
Tantalite,True,
Tantite,True,
Tapiolite (mineral series),True,
Taranakite,True,
Tarapacaite,True,
Tarbuttite,True,
Tausonite,True,
Teallite,True,
Tellurite,True,
Tellurium,True,
Tellurobismuthite,True,
Temagamite,True,
Tennantite,True,
Tenorite,True,
Tephroite,True,
Terlinguaite,True,
Teruggite,True,
Tetradymite,True,
Tetrahedrite,True,
Tetrataenite,True,
Thaumasite,True,
Thenardite,True,
Thermonatrite,True,
Thiospinel group,True,
Thomasclarkite-(Y),True,
Thomsenolite,True,
Thomsonite (series of zeolites),True,
Thorianite,True,
Thorite,True,
Thortveitite,True,
Tiemannite,True,
Tienshanite,True,
Tin,True,
Tinaksite,True,
Tincalconite,True,
Titanite,True,
Titanium,True,
Titanowodginite,True,
Tobermorite,True,
Todorokite,True,
Tokyoite,True,
Tongbaite,True,
Topaz,True,
Torbernite,True,
Tourmaline (group of silicate minerals),True,
Tranquillityite,True,
Tremolite,True,
Trevorite,True,
Tridymite,True,
Triphylite,True,
Triplite,True,
Triploidite,True,
Tripuhyite,True,
Troilite,True,
Trona,True,
Tschermakite,True,
Tschermigite,True,
Tsumcorite,True,
Tsumebite,True,
Tugtupite,True,
Tungsten,True,
Tungstite,True,
Tuperssuatsiaite,True,
Turquoise,True,
Tusionite,True,
Tyrolite,True,
Tyrrellite,True,
Tyuyamunite,True,
Tanzanite,False,(variety of zoisite)
Thulite,False,(variety of zoisite)
Thuringite,False,(variety of chamosite)
Travertine,False,(form of calcium carbonate)
Tsavorite,False,(gem variety of grossularite garnet)
Uchucchacuaite,True,
Uklonskovite,True,
Ulexite,True,
Ullmannite,True,
Ulrichite,True,
Ulvöspinel,True,
Umangite,True,
Umbite,True,
Upalite,True,
Uraninite,True,
Uranocircite-II,True,
Uranophane,True,
Uranopilite,True,
Urea,True,
Uricite,True,
Urusovite,True,
Ussingite,True,
Utahite,True,
Uvarovite,True,
Uytenbogaardtite,True,
Ultramarine,False,()
Uralite,False,(alteration actinolite)
Vaesite,True,
Valentinite,True,
Valleriite,True,
Vanadinite,True,
Vanadiocarpholite,True,
Vanadium,True,
Vantasselite,True,
Vanuralite,True,
Variscite,True,
Vaterite,True,
Vauquelinite,True,
Vauxite,True,
Veatchite,True,
Vermiculite,True,
Vesuvianite,True,
Villiaumite,True,
Violarite,True,
Vishnevite,True,
Vivianite,True,
Vladimirite,True,
Vlasovite,True,
Volborthite,True,
Vulcanite,True,
Wadsleyite,True,
Wagnerite,True,
Wairakite,True,
Wakabayashilite,True,
Wakefieldite,True,
Walfordite,True,
Wardite,True,
Warikahnite,True,
Warwickite,True,
Wassonite,True,
Wattersite,True,
Wavellite,True,
Weddellite,True,
Weeksite,True,
Weilite,True,
Weissite,True,
Weloganite,True,
Whewellite,True,
Whiteite (group of minerals),True,
Whitlockite,True,
Willemite,True,
Wiluite,True,
Witherite,True,
Wodginite,True,
Wolframite,True,
Wollastonite,True,
Woodhouseite,True,
Wulfenite,True,
Wurtzite,True,
Wüstite,True,
Wyartite,True,
Xanthiosite,True,
Xanthoconite,True,
Xanthoxenite,True,
Xenophyllite,True,
Xenotime,True,
Xiangjiangite,True,
Xieite,True,
Xifengite,True,
Xilingolite,True,
Ximengite,True,
Xingzhongite,True,
Xitieshanite,True,
Xocolatlite,True,
Xocomecatlite,True,
Xonotlite,True,
Ye'elimite,True,
Yttrialite,True,
Yttropyrochlore-(Y),True,
Yuksporite,True,
Yttrocerite,False,(variety of fluorite)
Yttrocolumbite,False,(variety columbite)
Zabuyelite,True,
Zaccagnaite,True,
Zaherite,True,
Zaïrite,True,
Zakharovite,True,
Zanazziite,True,
Zaratite,True,
Zektzerite,True,
Zemannite,True,
Zeolite (group of silicate minerals),True,
Zeunerite,True,
Zhanghengite,True,
Zharchikhite,True,
Zhemchuzhnikovite,True,
Ziesite,True,
Zimbabweite,True,
Zincite,True,
Zinclipscombite,True,
Zincmelanterite,True,
Zincobotryogen,True,
Zincochromite,True,
Zincolivenite,True,
Zinkenite,True,
Zinnwaldite,True,
Zippeite,True,
Zircon,True,
Zirconolite,True,
Zircophyllite,True,
Zirkelite,True,
Znucalite,True,
Zoisite,True,
Zorite,True,
Zunyite,True,
Zussmanite,True,
Zykaite,True,
Zajacite-(Ce),False,(name changed to gagarinite-(Ce))
Zhonghuacerite-(Ce),False,(considered to be kukharenkoite-(Ce) or huanghoite-(Ce))
Zinalsite,False,(synonym for fraipontite)
